facteur,importance_rf
Efficacite tir (eFG%),0.3215831050253267
% tirs reussis,0.2111382914554117
Passes decisives,0.13039085653728663
Taux de pertes,0.0880149866549829
Rebonds defensifs,0.07198296565500588
% a 3 points,0.06504931662946778
Rebonds offensifs,0.034976654538178255
Pression def. (INT+CT),0.02813432816954392
Interceptions,0.028121718971848828
Part de tirs 3pts (style),0.012158121544481303
Contres,0.008449654818466188
